,Arl8b,Cdc16,Lrrc8b,0610009B22Rik,Apoe,Asap1,Gstm5,Mok,Rps27l,Stap2,Prpf40a,Pam16,Rnf220,Tmem9b,Rdx,Nupr1l,4930455B14Rik,Sdf2l1,4921517D22Rik,Psmd8,Dynlrb2,Smco4,Gm14285,Ctdp1,Hnrnpu,Ldhb,Cep63,Unc50,Chd5,Ift22,Ankrd13a,Atp5o,Cdhr4,Atp1b3,Gm553,Phtf1,Fam177a,Dgkh,Atoh8,1700019G24Rik,Sycp1,1110008F13Rik,Pgam2,Ift74,Akr1cl,Adam30,Psmd12,mt-Cytb,Ccdc33,Gsto2,Gm16208,Loxhd1,Dhfr,Pcdhb3,Abcc5,Ccdc54,Gm13872,Erp44,Slc2a3,Gm16279,Trmt1,Gm7697,Zdhhc20,4930444P10Rik,Metrn,Tmco5,Fabp12,Gm3486,D030040B21Rik,Fam126b,Dmxl2,Cep164,Kansl2,Thrsp,Gm20821
GATGAGGCATTTCAGG-1,0.2608545409776633,0.3087962246531199,0.7649302636242112,0.28100789526802644,0.5508573987446511,0.4822788344425471,4.644205610010847,0.5164622894450596,0.4503081101159486,0.3479660581755626,0.22300735549837275,0.5682996040252659,0.20831397783092645,0.13765641336562975,0.479757101186536,1.9853086922203167,0.33264380641005725,0.12960556692015035,0.2973748490444728,1.134857766934521,0.5960781416116879,0.15420281098937977,0.32872287126984095,0.3179622223622133,0.42950325764558733,0.07842480293300469,1.0196865268942998,0.0752552867125371,0.35036418048771817,0.4726845203171791,0.13863911714693458,1.0090709674424172,0.36236970070647645,0.9926923254756905,0.4636253229597783,0.0836445593751365,0.20763425484124204,0.36811280654626716,0.4460030032040034,0.37683528290468843,0.3141550890367758,0.298824849802891,2.424992046628571,0.5511424938689763,0.17418724596192586,0.10939996068148318,0.282326437719388,1.6012904311793137,0.4535413191112698,1.0492174891302397,0.011552428522464013,0.01546675893798186,0.0505794410362107,0.013887195568387389,0.015564831547246614,1.9125410048675837,0.6734654412767256,0.13992807480146655,0.30316191612112237,0.7339168023637872,0.4679965392115444,0.013887195568387389,0.022777273934971327,0.40471374589621056,0.01736989670717914,1.4080568183097952,1.0355465917511952,0.06921371121191389,0.01576499883026988,0.025075678918935813,0.017328421494280384,0.13845302986457675,0.057448079187118764,0.014868661813381583,0.05342228195341899
GTCATTTCATCTCGCT-1,0.6066044334578966,0.5076040429362807,0.7308958847359553,0.6277158401237349,0.254499673214919,0.6498755519047908,4.534551095644424,0.7445385638446158,0.7899008958307412,0.20835785208303145,0.6336403788116637,1.3290467630289733,0.5706917571538803,0.367733021007674,0.7886628632968484,1.8495271289995117,0.8519117221112682,0.3457280163244675,0.1446891872616659,1.6499572946576169,1.1782447889188936,0.3588107415144466,0.30303405799888866,0.6458411558251643,0.7327086873867757,0.007802540203290092,1.2872671194177168,0.1988554456252852,0.6135853002738673,0.9261393584459223,0.35667504679863593,1.2449628573802063,0.7234299509286124,0.9699785053708379,0.2788641084636749,0.26981687859552594,0.5092281961171569,0.4014504038788325,0.8678429434262607,0.7112343872599266,0.6975054398544961,0.5738614777917368,2.4330817642699922,1.2926730098553376,0.02866263820963487,0.3672605010962578,0.6398969515043199,0.863955149709499,0.4848525078381995,1.1860354853904036,0.02556385089370244,0.05197015668033574,0.11977717932693249,0.030130336101117757,0.0335399281027127,1.5204943733927452,0.5369837877764756,0.39601639536222116,0.5938534577139005,0.4498314395182506,0.4362249528344158,0.030130336101117757,0.03896890947658841,0.6245360380986826,0.02846775339924677,1.4668891300300404,0.9864547031599691,0.1616987612351055,0.04388542636021508,0.0655175499144858,0.04347882158873798,0.34848425232576363,0.15634523372215423,0.0010822922813141069,0.14530620511196668
CTGAAACAGCTTCGCG-1,0.5573292807807728,0.5028170035198668,0.7663828106470408,0.5693963243844831,0.29669652369772903,0.6155904870855068,4.589736962931638,0.7080695834164924,0.7391120709359691,0.23628046218462803,0.5645447850827859,1.2165945057555052,0.5354175691968794,0.330562987595549,0.7358442225872309,1.9474626946501854,0.7845339048055143,0.3013533836362232,0.17654216657318675,1.5895938740042892,1.1071903056764671,0.33426017044793643,0.32455479854456604,0.6283349813266096,0.6670353281238364,0.010105704751151882,1.2575168533832535,0.1655276827153393,0.6122937407338815,0.8707847632513382,0.30577864125787446,1.215190141854639,0.6636731232798542,1.006616996956464,0.31954181270550935,0.22849739922121612,0.4655182991814919,0.4156725338726616,0.8214179240024223,0.6671481713896661,0.6478313065800746,0.5504222222809019,2.4280748891366333,1.207639299136502,0.034940839337273336,0.32726367365659476,0.5903988666113547,0.8204470989300535,0.5006029992875222,1.1854317695197931,0.0257704481031642,0.04505175669506257,0.11143350205815523,0.03051054003926272,0.03185754707096692,1.6448793298013402,0.58794011104347,0.3470912587419764,0.5222409828671049,0.5059656117147006,0.4290142404312956,0.03051054003926272,0.036846411537424247,0.6068400013318371,0.027741754389415233,1.538957487395151,1.0463666701437175,0.14554478025063944,0.0404562011535945,0.06379919150149449,0.038907916346010554,0.30818608247409046,0.13300128764321942,0.0009331549420578321,0.1403503925463062
CTCGGAGGTCTCCACT-1,0.22688740912030847,0.2982999794508375,0.47323563877472374,0.29140316702594155,0.574058909844712,0.5898202166464377,3.2643627842490424,0.4699497578966071,0.6684598552897997,0.13947789530718024,0.15386898935936325,0.5270050407559765,0.04789048759552891,0.15380420455624677,0.4690597674110035,1.1490495404416494,0.10090861180834917,0.11425742756886598,0.11443905310070443,0.8988767822761792,0.39703503064952067,0.11978623918788839,0.10751845949793534,0.13008859772543682,0.6253237480149737,0.30594316689638734,0.785811283058126,0.18091405389619578,0.09086908996782844,0.2020342421076965,0.22191817959664595,0.8442511241802172,0.28830966114828793,0.4977304318512597,0.18757376513713286,0.12283682128237706,0.07193282296274281,0.2879337564416881,0.2761173780071099,0.26742693627747716,0.38866676531284733,0.2212641650759675,2.2488178500102376,0.1897896817269792,0.6614713420339045,0.025303325302661092,0.3041806696492101,4.492616391790792,0.25453429433921415,0.594883767293422,0.0021931303549582427,0.0073278882818491806,0.06407665584463859,0.0027056832211276574,0.026518220204750934,1.1780739007167775,0.47900088102765576,0.19933404403499533,0.2736475893167049,0.39588216872017845,0.6799567891425274,0.0027056832211276574,0.049041038268112784,0.13917880575461167,0.03704636949874875,0.8818957173743124,0.414130333828547,0.017841982561052735,0.003868813920090452,0.004216508535714208,0.023905054702930605,0.0663447138267409,0.044614350251205456,0.08549339120919032,0.0075529085251683815
AGAGCTTAGCTGTTCA-1,0.6688278570532227,0.4179537837095591,0.5983752712961888,0.686497558744952,0.22158788620691544,0.7496889994130256,4.480111453461016,0.8469385015944663,0.8356268256650141,0.17181606995345514,0.801516689794186,1.4502174630282412,0.5371585474670725,0.40883910292481174,0.8837318812260279,1.4426142104910566,0.8841504176213266,0.45419106710621626,0.1035803512522553,1.7106769011584917,1.2419711379324996,0.3215040693274269,0.23139688360828056,0.5564844698656398,0.8316097422167573,0.016094558736376465,1.36114527551556,0.3206077849267114,0.4530204742497171,0.9703929668461219,0.5119657793825552,1.2832211169700836,0.7885885967620021,0.878125187744371,0.198229347307133,0.39152313415178713,0.5441212630992924,0.2909910936784071,0.8427465753110647,0.743039736152166,0.6802375046475576,0.47515584609625067,2.4250115598548065,1.3118288021084403,0.04249562273183891,0.4280393279590173,0.6740251678676507,1.3010090510180234,0.37144616834405325,1.1759191895672185,0.01762559648466463,0.07692269157500073,0.10382090690045515,0.02014481908471807,0.024833988328029074,1.2215868630198636,0.37289473781586907,0.4689560395444443,0.8600381412284789,0.3557519153871266,0.5013831996781029,0.02014481908471807,0.04293115418685678,0.6548592033597747,0.027215748818215663,1.0771232233221837,0.7137141646735599,0.1809450649385173,0.05242892253821658,0.04526151742022445,0.05798820256280996,0.4736820798522565,0.24465083142610347,0.004040719444939238,0.10132082472292274
ACCGTAACAGTATAAG-1,0.09676721553748764,0.14258534624346075,0.8436256489358643,0.12656989455478485,0.730359470258903,0.32492674890398276,5.366101782855989,0.40418614193988955,0.2312923104048926,0.508726232686707,0.08040436478538457,0.19329781949646857,0.07244674809404696,0.036265192164621415,0.35961280278161384,2.3173166761055732,0.15668144669679926,0.06841367755033821,0.4562979703790188,0.9487475451960938,0.3698580707481406,0.07055626354281486,0.4189035941028718,0.19959367036756429,0.193159331746453,0.04299232392272115,0.9481798605063949,0.012860639522401645,0.2570930679828601,0.3460559881134542,0.02942713554660192,0.9734269281694219,0.20683425251992552,1.192668869781101,0.6863636761894752,0.016864361348689124,0.13762695166380565,0.32406432068588414,0.27599890729460896,0.231287021377756,0.11215394382539301,0.18421166741013015,2.4386616615833563,0.31980708706346345,0.08968978669406484,0.029261772838411894,0.10462669582678838,0.6834007001336765,0.4843482992279687,1.1204576388623482,0.004353666607734402,0.004685628762268689,0.011806269172897215,0.005304272222897742,0.0029483548446886812,2.2558024325976898,0.7401887367853593,0.02941613111701203,0.229279360490816,1.008873318072829,0.35591305894902914,0.005304272222897742,0.005865033858017128,0.40203164823024573,0.004648252921551785,1.4237450747454503,1.2646990534359501,0.05937943529753986,0.005914109666129128,0.007353197669319973,0.0047600523870585335,0.08845673796204008,0.035487356785308136,0.0009416479990293936,0.015242120369713723
CTCGAAAAGGTGCTTT-1,0.10260359453654583,0.14828186740790789,0.817252291269182,0.1324928875402007,0.7020687914561888,0.31866663390234107,5.3607404236649945,0.40340475989374713,0.23419623223959465,0.48687769722767976,0.0867876632744814,0.20839210334159414,0.08175202325526078,0.04140680830745679,0.3583829501747042,2.3763835623590985,0.16476369547826097,0.06753113851046899,0.45877945421050914,0.932463977817929,0.3794390383841729,0.07184584274272533,0.4143796097665691,0.19661708181437113,0.1959745270090721,0.03919682583429227,0.9432805720313228,0.01400354102263814,0.25654469488125153,0.35259297831807634,0.03239912446221236,0.9852670662559224,0.20925982045220634,1.1731741773036597,0.6594606405669828,0.019098218257792586,0.142878578948928,0.3163954732342413,0.2826636890623544,0.23478230031769087,0.11876108409589721,0.18679047231748652,2.37142319270226,0.3274780268731231,0.08288728796068559,0.03382370277612704,0.11163703185834209,0.6694993596873581,0.4777463627708538,1.0917927708970607,0.004806716177312642,0.00520320094569442,0.01325761489622178,0.005869775173714308,0.0034474306719978897,2.2071855965406466,0.7686801280474476,0.03378487558304394,0.26785981463831926,0.9631367722235812,0.3545525343680246,0.005869775173714308,0.00639008527459918,0.4827717336807493,0.005071187734038189,1.4652168301085724,1.2140927739934477,0.05936190198474061,0.0063859935154609235,0.008640955683381163,0.00523745184860026,0.08911392334229193,0.03415235582262799,0.0008343651592695299,0.017523953683943317
ATCCACCGTTTGGGCC-1,0.12240207153658443,0.21770321046801905,0.07842388551933281,0.4715517599646777,0.6133575290127643,0.34686182087307127,2.41627037497058,0.11686047492531419,2.4387601720708965,0.009573674082978406,0.512871063692398,0.48973195887976784,0.03614926311224773,0.39649488738327987,0.8629691899638223,0.555150118262109,0.07163269134833365,0.5544492508936583,0.10321679128781572,1.62454500560658,0.17103973901369937,0.30675940960342346,0.008634377857509513,0.2673319064076055,0.387347465783044,0.38204180264255505,0.6537470626843185,0.8214885996919987,0.009496976166803778,0.13424371421361272,0.16100705133523968,1.0299466956565257,0.09616560343356141,0.45070631649873877,0.1558426483267921,0.6944063689731508,0.1357977162690319,0.02229784304908874,0.10112579433654573,0.09382709837296335,2.3357380430529946,0.4536126906931136,0.8286070684708663,0.35112841926702304,0.8260649973557465,0.033369959628092805,0.9658476086476866,4.847505761265668,0.022518184679365977,0.25291325503268475,0.0001470706703764836,0.016762019320325106,0.21856387455498236,0.00011912921281624748,0.03659035215826344,0.33765816274167,0.13923764301563174,1.0210957241670657,0.12846599714637405,0.027690018880438427,0.5259500411412584,0.00011912921281624748,0.14236191782103452,0.06204312376564646,0.24983276163706794,0.545965918301441,0.12102724660552669,0.012708401310359684,0.004274582015902343,0.00034994220053335273,0.10409999650722929,0.0658876301076832,0.07359436549934152,0.12069026184474534,0.0007841946940294302
GCGACCAGTCTTGCGG-1,0.11537906858191581,0.16532448926108784,0.8579785501941077,0.14113921410259941,0.7238618783413807,0.3523574487528545,5.2705377382044745,0.42364627150096495,0.2561737006873679,0.5013594903593325,0.09611482624336808,0.2337615494041807,0.08663409463785365,0.045219294419117116,0.3753653371083452,2.2706461094021266,0.17971020129914655,0.0758389163752237,0.4428938956602324,0.994801764571987,0.39652129710084666,0.08053811831743564,0.4117796922050277,0.2191906295235177,0.22048652213665668,0.04751162706885407,0.9679338804324051,0.017881621281862586,0.27921721360805457,0.3654242669468931,0.039290981419054856,0.9763076800995467,0.2285880459141312,1.1839052733747408,0.6699729689257939,0.022490557615081026,0.14055953543181623,0.3370791917636984,0.2969542526232713,0.2515249604724055,0.13444843392976336,0.19800325087568277,2.469020077173745,0.3502129028827837,0.10001042370829823,0.03695811569499584,0.12383092144192896,0.7826335892581368,0.49258453546999886,1.144345822463256,0.005263734476436481,0.005799751051409911,0.01543301810415721,0.006395496012809516,0.004025332536921678,2.263883630299124,0.7341792003075915,0.03889392443278638,0.22330378415850455,0.9991602703321834,0.37695048439414863,0.006395496012809516,0.007515998812065892,0.3768166035487306,0.005910061335757357,1.4318408750981368,1.2661723142459351,0.05987969355389801,0.007180802735148613,0.009115087331647917,0.006007885509066942,0.0941691186866411,0.03954536507690995,0.0019123894574138742,0.01924565931099578
CGTGTCTGTCGAGATG-1,0.37765502553518365,0.39772832918756057,0.8053828700743697,0.3870311394729173,0.4521455878538791,0.50875271829693,4.788796759399888,0.5864223513170022,0.5476416246042558,0.3273531805613659,0.35474016791278906,0.817198887192085,0.36076126401167935,0.2097546448341406,0.5736725975743199,2.1171288651686306,0.533226538252216,0.1895262413171015,0.2781629561287681,1.3368495604158661,0.8165961731225206,0.23097063254305245,0.359562348430634,0.47354712500205265,0.48385013468288934,0.02838788889471388,1.1325254201731574,0.09158550469208862,0.49873468240337454,0.6577015606848822,0.18112088523628572,1.1124954768507762,0.47749077424137243,1.0640041367538562,0.44159479155692716,0.12772986814469126,0.3208835497401021,0.401426077932342,0.6148007673414737,0.4982274402624025,0.44586538318539265,0.41680761520902043,2.4155551969104754,0.85203503506951,0.07152324723217884,0.19980134503125335,0.40305494377530876,0.9004104101066176,0.5020264752812518,1.147360269748271,0.019333230525117692,0.02642710590900011,0.07514716750595182,0.02311583395433722,0.021800421086519525,1.909012783452439,0.6824305856936328,0.2105637655485521,0.3755767816201222,0.680501621760962,0.418829687027949,0.02311583395433722,0.026507173304958786,0.5325173097188699,0.020709716411353003,1.566642268604315,1.1273190786944074,0.10164398357141635,0.026724828516420374,0.04469464724264913,0.024698905757159502,0.2027131103963228,0.08144445593720005,0.0027416194757708587,0.09676077044025719
GCTGCAGTCCATTCTA-1,0.19263703127745824,0.25145127445287757,0.12900095185998822,0.48058060819171267,0.7179377973133234,0.4168371428262775,2.572437772984358,0.2009997493505622,2.1597697790593315,0.020543211830277765,0.5049058795513558,0.5958324887819202,0.06754774249945947,0.40308707338840205,0.8479592508060638,0.618745671987472,0.1332726865973817,0.48974559574141246,0.10082510872567721,1.5566633238185337,0.27801295064502607,0.2906497174215542,0.018766582663295197,0.27099222864592093,0.4762258447257726,0.4733466703538103,0.6687635637070379,0.7145159477327006,0.025025871720106445,0.21120888411652405,0.2347463042664952,1.1206830481341516,0.16524454829339458,0.4613103174512333,0.12664267168824508,0.6017627808896785,0.16054515873379932,0.04236413431983185,0.1712192408057577,0.16245563935874774,1.8905332749090706,0.4511889087992038,0.992170751989931,0.3855398203831665,1.0238522666740728,0.06763377027002596,0.8885056878028877,4.646069284690058,0.045197772251380136,0.32678164985381414,0.0005443894318800665,0.023341753947562743,0.1975073032560148,0.0004910919647137411,0.04552639802637261,0.4236731188960326,0.1588898537111092,0.8704662003890572,0.21933350321124717,0.05458030334459378,0.5362807846033613,0.0004910919647137411,0.13738483479000535,0.10893441476537342,0.198432487374008,0.5466092208977251,0.14406895617537668,0.026620890763191532,0.008563946879159056,0.0013726828209114934,0.0943806616775021,0.10846063019992232,0.10416241874898668,0.1497043707229416,0.0031369263121178576
CTCGGAGGTAAGTGTA-1,0.1173425409066825,0.16975836008238787,0.8583860256370222,0.14299874638128696,0.7242686444303683,0.3632370101495296,5.21310531360555,0.42742338491961535,0.2617381772359053,0.496878808505323,0.09552639392287239,0.23946503907339164,0.08376360344030034,0.045886748670757066,0.3782526554248961,2.2315070086103175,0.17735070776909106,0.0761352460865893,0.4334830020671089,1.0004133248017077,0.39580819426262026,0.08140532039002707,0.405521829008235,0.21694166747524865,0.2333742764700879,0.05384558593270601,0.9678567613000445,0.020243313324917904,0.27679895810638977,0.3615894521633689,0.0429283862807199,0.9692158924260343,0.23204793445797248,1.1718655865721863,0.6618393154228795,0.023305273430024576,0.13609629894229527,0.34024662083952356,0.29599195282129503,0.25417873107697286,0.1368381802578416,0.19683376547258666,2.4842636504940807,0.3449394524242691,0.11221339987468303,0.03548277569546864,0.12598184010890712,0.8914066426683873,0.4905790738840056,1.1424583418969603,0.005128570492935229,0.0056973811069669375,0.015878334958841573,0.006227340470317662,0.004262904523852028,2.2572246384847676,0.7255570114311795,0.04019617286963775,0.21638938018440096,0.9955166730500457,0.38914605021219517,0.006227340470317662,0.008116083272839478,0.3536001765466911,0.0063081544176629735,1.4163452969982777,1.2556076877712161,0.05846347905966857,0.0070074802874324936,0.008730795969497704,0.00619529635045265,0.09352964464922131,0.0398242350845791,0.0033537410653130496,0.018445062795090263
CAGCTAAAGTGTACCT-1,0.169741963520787,0.22638893831959733,0.7871136655470765,0.1968548391899739,0.6527460714266246,0.4250605291609463,4.82581955878965,0.4581266725209177,0.35685464231342173,0.41204261391959157,0.13637740789851674,0.3648283945278639,0.1144690827671725,0.08222485165843353,0.4139466314887221,2.0435156312599436,0.21249648302062596,0.09302780657659572,0.3577027842643103,1.0245734991410291,0.45152123429721813,0.1040721453117185,0.3497134526859731,0.23345374265703414,0.3337461465558611,0.0864270119729012,0.9636619828308908,0.051870085124293606,0.27717170437019245,0.3745573416641929,0.08886706015807591,0.9660856279478147,0.27561231945828196,1.0430941932504159,0.5486801331877871,0.04956873553849821,0.14754712384430793,0.3441655836367754,0.33624108885159804,0.2908830747240049,0.21291483880686016,0.2260459955670633,2.4405284700101544,0.3825404734252522,0.18683400744292575,0.05405391114882875,0.18855852454624872,1.5172073273608142,0.4525208172950536,1.0540796934052628,0.006695529926131637,0.008486032043987728,0.030560832866793546,0.008111452519144066,0.009630546804385602,2.0424406571094753,0.6891812596711807,0.08364751331258781,0.24813218733805864,0.8499747557807826,0.4486497710401553,0.008111452519144066,0.016590986715362466,0.3484350054514446,0.01276028045223007,1.3616878450933498,1.092989817705095,0.05578797055162943,0.00912869942372767,0.012824320856254682,0.011164141630790157,0.10202520706105106,0.04416547498589721,0.01505724534646697,0.026894323734552295
GGGTTGCGTTGTACAC-1,0.21953399197533846,0.2631084331232848,0.8527546725618915,0.23580929827776945,0.6254793396480126,0.42169728784656935,5.05962502469775,0.4916884189221789,0.37411850339619845,0.4357836832665618,0.1966592851526009,0.4630821178510094,0.1944832452734452,0.10812993245416475,0.4520077460942019,2.20290232662138,0.3206910820131883,0.11926511913906405,0.3785930964684532,1.145994982416597,0.564768778263701,0.1395185166458283,0.3926999014426313,0.3254843387988577,0.3239384735418565,0.04097034016943768,1.0405000877886927,0.04478199356879756,0.3763532295274804,0.4828306922829967,0.09245064871916607,1.0274128994664877,0.3282398189936893,1.1468135483714639,0.5849249041443877,0.06144895781029572,0.20829560393131982,0.36822176237847243,0.42318435873647975,0.35054226396926824,0.25900376128501573,0.2850957347928372,2.4673168161416346,0.5509970142511085,0.09223691098766242,0.09926405702282098,0.23411982404953496,0.8414745672699522,0.5037633949175352,1.1620658380230138,0.011079420048832085,0.013654006096432827,0.03883158873434977,0.01334055864634444,0.010961208404496407,2.1545412255103287,0.7155833939839022,0.10395540614967184,0.26927886623536634,0.8826334927260164,0.4001805694351292,0.01334055864634444,0.015195382440502322,0.41880717286461633,0.011962147599393047,1.494732796649586,1.2258381320492688,0.07488473397226157,0.015063705275060556,0.023204551109708944,0.01328639144859675,0.13535082164670864,0.05629205483140359,0.0022734103674506307,0.050084016211039126
CCGTGGATCTACCAGA-1,0.21227149490301678,0.33467341024584735,0.17985552805156,0.4431437169936313,1.2142075305690754,0.37025414822210084,2.486624568668928,0.167976509861287,1.875405046017563,0.020767539996401817,0.3730789099091547,0.5032931477223567,0.029443671753977455,0.40142200913464815,0.7464289969442457,0.7100793943796675,0.05974463135923732,0.3097981220631946,0.08310697344409865,1.299869462806934,0.24065931496007958,0.2942635589985268,0.015309810690283233,0.20807702405290726,0.540416142238838,0.8966219158504329,0.4761551998371769,0.5478973641596026,0.014472106673187,0.17145206898666188,0.2808285075426836,1.2269434048826136,0.12159714139587285,0.4433743549547239,0.08211237642929493,0.3974420605897981,0.09631064687872204,0.060877034100288316,0.1678272693804934,0.15601283841721794,1.1991497940040035,0.4864402005060954,0.9396178073820742,0.2136770293471868,1.9403218329287577,0.025432371366947263,0.765487695540708,4.821998046751598,0.05460909858326414,0.26277001775854875,0.00026875941603578675,0.012468750997483834,0.170682596691593,0.0002913588367154195,0.08425434088573974,0.47486089069103893,0.1748065419881494,0.6332670119894106,0.13799577441033986,0.07049256719142115,0.5097194723096042,0.0002913588367154195,0.15099916751455117,0.05713133083779384,0.1280027899608326,0.543082244176565,0.12806422686836694,0.010363456513402989,0.0032936072848896796,0.0005802341512288475,0.07003100375353769,0.05379181394501294,0.10742508679852288,0.2855555290257967,0.0010863395570432858
TCTTTCCCAACTGCGC-1,0.11451993291437211,0.16528637598664364,0.8349863904450638,0.14138884208730654,0.7047218656083243,0.3444543978540545,5.279017061331259,0.4189205538239182,0.2534539342899983,0.48919206774118645,0.09676490219425575,0.23466034519486628,0.08855159397670147,0.04613266710444761,0.3710986075744625,2.316404973263693,0.18013451886799514,0.07271494148630087,0.4460175992781701,0.973625973266718,0.39282807589479113,0.0784695092667285,0.4100530430450167,0.20994137985691613,0.21853195840704534,0.044654438752829644,0.959510280610859,0.017281456110399947,0.27339668099316883,0.3660524287284687,0.03901159313413719,0.9866281249048572,0.22664121352229247,1.167369895620708,0.650562618478816,0.02227169403716798,0.14176874154053842,0.3303489254668899,0.29744536093442114,0.24987568438022761,0.13382356314639474,0.19631620448840356,2.4183116994065736,0.3451512595880379,0.09463672821881092,0.037535113914351464,0.12406131630069524,0.7707564259954246,0.4854743792831116,1.1217952117100525,0.005332317840406922,0.005823846176911226,0.01534491384605585,0.0064969128874221675,0.004061643759512532,2.2322951515859843,0.7581213955925097,0.03915395128559977,0.2509391398124009,0.9697026463264238,0.3760422679116995,0.0064969128874221675,0.007525809718447491,0.43583911440873174,0.005923488885479099,1.4601470234236398,1.228889835696626,0.0591527595030546,0.00717050166392759,0.00943657651782594,0.006016020405682641,0.09258829222672586,0.037250045530008415,0.0017625761721092603,0.01948306023630962
CCACGGAGTCTACCTC-1,0.4777323865469735,0.4730132087848401,0.8047349831482012,0.4845335140756873,0.36843371568512834,0.5632913208618,4.680682474136853,0.6496253674553826,0.6570570372861305,0.2808923601266614,0.46144336105396144,1.0372417138155334,0.46747331129106756,0.2744373225521786,0.6576824755002788,2.062570097787758,0.6774650444605943,0.24256821907137172,0.22513155444513583,1.4879146821175147,0.9831516514829783,0.2929829683113476,0.34972474107448254,0.578659960883967,0.5756731915475882,0.016051199099502988,1.2047170224658788,0.12169513239487025,0.5878476251442155,0.780560455112505,0.23631551356582486,1.1695594391496382,0.5774714885100833,1.0493066464229264,0.38222758614420843,0.17298893800762366,0.39975873869631007,0.4235845108135414,0.7389323994150627,0.5940482868770269,0.5661366476050662,0.5046747277561333,2.427358891850032,1.0613105589216163,0.047915032541708605,0.26764475543065397,0.5093995472116347,0.7917243606514286,0.5158431719779571,1.179410224974795,0.02431063365261693,0.03510918865047113,0.09772008799695318,0.028973021889914734,0.02825763863008788,1.805578639545664,0.6468230318958009,0.2804544086871617,0.4284587547021001,0.5938335287652285,0.419496205910847,0.028973021889914734,0.03261316242579074,0.5687193865141899,0.02541662741612317,1.6004171839623533,1.118573027168029,0.1235968733467258,0.034456245416471375,0.05801577283896052,0.031853401746832974,0.25190316070563934,0.10297013777853084,0.001126250898062919,0.12662899552114398
TGGTTCCAGTCAAGCG-1,0.21168984880008174,0.33707929111879786,0.18104343802739642,0.44146482688374433,1.2300645125052005,0.3673376166784211,2.481253207201591,0.16544056556187395,1.8690620586684779,0.020676783087860914,0.36819150963239833,0.4978205556382956,0.027448471479593024,0.4010031931192528,0.7426795027929168,0.7126243861840402,0.05589238708613834,0.30420221451902624,0.08249166667424995,1.291247833214793,0.23739331697132687,0.2945600131425814,0.015072042923437449,0.20555534761298105,0.5411950642059602,0.9100698626398336,0.4690387425972483,0.5434508038553834,0.013842942571867984,0.16855729417709545,0.2811049558149761,1.2287448799008391,0.11882424386066794,0.4425751661030785,0.08111976896464698,0.3913940611103331,0.09343581101768816,0.06137996628488614,0.16646999807443955,0.15457993633367764,1.1812680342578372,0.4875261449183087,0.9357716538554678,0.20663685902821916,1.969437382789199,0.02322395769446694,0.761978693370674,4.8320238271741465,0.05470182623315697,0.2592982389653435,0.00025210996763652606,0.011939091401418375,0.16997865604379384,0.00027832918719758747,0.08546920406051257,0.47570247759480677,0.17525802487897588,0.6269812135899479,0.13340857918439522,0.07086661438410227,0.5086822498166936,0.00027832918719758747,0.15150354465525848,0.05440502363374646,0.1262904283456423,0.54320241326962,0.1272462567688532,0.009504883522811277,0.0030184453460673235,0.0005327643863536064,0.06926726382144092,0.050982732603046456,0.10691978895911035,0.2898681952598755,0.0009669302311750331
CGGAGCTCAGCTTCGG-1,0.13811099512477387,0.18831821859117667,0.8159865433447566,0.1630736122238557,0.6683848531264406,0.3565277846080918,5.217085569835807,0.43212045923886394,0.2792921696147787,0.46250041406802467,0.11837784370409647,0.2884352008505858,0.11308251802839499,0.06124571862306372,0.3856243087854393,2.318121740355861,0.2089390950763049,0.08017999747458152,0.43135398118288143,0.9901015414030746,0.42862187862759626,0.09027247358663097,0.4002598406103559,0.22757263043950732,0.2439919306841355,0.04359972040487363,0.9681586044380064,0.023947155638936297,0.2883294707600151,0.38819392441250605,0.052240653730007004,0.9994179515067433,0.2465559639389633,1.140744820982057,0.616024759590238,0.031074221444416163,0.15578062873899406,0.3328147480697625,0.3243480150206678,0.2703790003103483,0.16131060872674602,0.213802642987166,2.38386636440403,0.38396664423625054,0.09413841847763227,0.051180972840277075,0.14932156964355506,0.8191889787884956,0.4810194939900618,1.1036841359784957,0.006636576575564997,0.007524677239597181,0.020839284642716255,0.008067612821875646,0.005783588697173482,2.1742538648298635,0.7646138000061337,0.05436169262353961,0.2784816055693195,0.9193858434297179,0.38259414342941517,0.008067612821875646,0.00954294523180278,0.4802500495782718,0.007483587440977565,1.4851289329920767,1.1893393152422778,0.06127772829938292,0.008812773589596753,0.012716521474446404,0.0077262547204465385,0.10003883811070773,0.03932195872895335,0.0024219056722021366,0.02630984053937808
ATCTGCCAGACGCACA-1,0.2320088469025108,0.27615947452906847,0.8325405616819794,0.24872100527285643,0.6033959416001977,0.43371503208351986,4.998032282136213,0.4973282189152092,0.39277551967704133,0.41747733494634426,0.20992372570638274,0.4938297068817668,0.20461649031626333,0.11642885600556074,0.46035873515887704,2.182172472699174,0.335428157842796,0.12291235107607261,0.3628870914935993,1.1496708063722798,0.5779512407082312,0.14469666799736045,0.38378914976218415,0.3275045386760305,0.34472890928369787,0.0437527904786929,1.042127577609678,0.05044683807336403,0.37771341484313253,0.4924109171801966,0.10231312426736415,1.0353786668709015,0.3407120895848533,1.118858092445735,0.5562686551986196,0.06727382718075327,0.2153607016198666,0.36886938043245643,0.4366137162134511,0.3613107607352771,0.27610956754155347,0.29252575349431115,2.4480890808015143,0.5630298772460545,0.09900501314953424,0.10563200508570623,0.24837896332234374,0.9366705793599153,0.4941811215208988,1.1451845404249419,0.01156327545633058,0.014572029977110608,0.04188384163641239,0.013939767560544143,0.011919515845882047,2.1115504973017654,0.7162523786846258,0.11341667988226226,0.2854643602907449,0.8473890098688,0.41251944423833997,0.013939767560544143,0.016645963730808833,0.4359491243685478,0.013006276070594104,1.4974218048916197,1.1864611564135443,0.0751078615861538,0.015877289363838826,0.02444934538087265,0.01435090483716213,0.13897410194566076,0.05704265126814762,0.0036324830735231708,0.05254133247357431
GTCATTTAGGCCGAAT-1,0.2160088888969103,0.28475439395917324,0.5942031734156329,0.2633528160390209,0.5792184130883868,0.5384183572488435,3.839717428645085,0.4756414527214842,0.551286107502571,0.2359403615617114,0.1549862756165024,0.49259710660444334,0.08626487518509338,0.1304083462029607,0.4535277537372403,1.4894817152221012,0.1604162107648498,0.10810581262847847,0.1986898419196139,0.9616498484778946,0.437230558841702,0.1181401056624717,0.19877407234823546,0.18038043310264887,0.5273925904480512,0.21165724243431278,0.8666815524077544,0.13039986827672034,0.17468979675260468,0.28147367203311585,0.17430099744030733,0.8932975402883275,0.29682684487168337,0.700855074775282,0.31429091325620406,0.09616129572119192,0.10722905878407213,0.31816439763784626,0.3152171252719004,0.2902627216778711,0.3317000759345798,0.22985156831450854,2.3323791281597837,0.2849250167927582,0.45844148730195716,0.042573421176449584,0.2686757156377723,3.3736739646563474,0.3324643694847904,0.7758132798755786,0.004713048516459235,0.008423394061079743,0.05305899630504487,0.005734947434014192,0.01994279384200842,1.5075503030349138,0.5644896844850067,0.15812198239996716,0.26884397636369883,0.557479364738262,0.5987010189740681,0.005734947434014192,0.03636887183816633,0.22701490901238858,0.028072056537173762,1.0831933725735934,0.6707452981453264,0.03329903845940948,0.006715601427214919,0.009340571601355332,0.019472180259546452,0.08378648470538488,0.04411418028294081,0.05536117816729617,0.01874198772927792
TGTGGTATCTGTTTGT-1,0.5434611301733172,0.45818491641485276,0.7422286855019441,0.5528636555312203,0.31929837334072764,0.6249560070547996,4.620662522717546,0.7168181035890384,0.7167652514987495,0.24556236254822242,0.5763296754253012,1.1786739400768733,0.49637164259181554,0.3200217707364496,0.7348871923364056,1.8643219286359052,0.749815959336271,0.312964996971299,0.1852174171666616,1.5680356467434466,1.0770367894528625,0.30556428420007636,0.3124789299571807,0.5795795497001575,0.6589979101846165,0.014663930476804967,1.2605558672097215,0.1875485882094133,0.5493383992062688,0.8473567126317095,0.3274458774339365,1.2072488070326823,0.64836510796772,0.9994086262718375,0.32365968035296394,0.24538209190194288,0.4500953851969121,0.38196822774628203,0.7783856472793893,0.6462075849498379,0.6068822927037827,0.4991881788254337,2.4302152083506927,1.1533658497174542,0.043257615502375425,0.3223017588276507,0.566273036869934,0.9328350492568862,0.4711058137265199,1.1835372275799054,0.022419528104285946,0.04900752161120557,0.10075531721908462,0.02645024331359595,0.0273703067435851,1.6162675260949992,0.5563658207987144,0.3426056015491926,0.5693630076073007,0.5167608623638488,0.44468398563264844,0.02645024331359595,0.03606086402738514,0.5979494644765736,0.026031529707591664,1.4323226959051836,0.9932910439129919,0.14351264332680239,0.040743558888808006,0.054562785503045184,0.04055011872653843,0.32623817716457665,0.1499813696726476,0.0017286594602852895,0.11993553804451144
CTGTGCTTCGTTGCCT-1,0.11608770213489712,0.1644300621319629,0.8552089133423714,0.14242121346474015,0.7226088445182366,0.3509751519376983,5.27181536033681,0.42301063905955083,0.25681537863238213,0.49858666838632615,0.09664615550984283,0.23512836902784703,0.08729389797634417,0.04614432564167966,0.37520876713279894,2.269147201339926,0.17919293021538127,0.07648132191770557,0.44140475062288476,0.9920762268218137,0.39889180128328516,0.08086744800031848,0.41097646472189486,0.21959592438134637,0.22049615504125636,0.0476137694574372,0.9665467130603247,0.018857173324662503,0.2776254563265435,0.3644500697621143,0.04035666808784105,0.9747189657325299,0.22789582562182287,1.1840934661212335,0.6702866368385821,0.023395682418527523,0.1422235085118317,0.335091048900747,0.2964483551204468,0.25093991089031037,0.13530217899894922,0.19800496699287737,2.4660975081169743,0.3513628776011273,0.10053179171134177,0.03758014414957768,0.12455371258421034,0.7833843745393184,0.4909525869212561,1.1382450079388937,0.0052479689262214845,0.005880828185957381,0.015791514571857037,0.00637392222978403,0.004149022166240552,2.253625710581402,0.7309766587825506,0.040048790097711076,0.22453269273893578,0.9953898492442924,0.3745016247780977,0.00637392222978403,0.0076351524434240805,0.3779450351155865,0.00599244978386065,1.4258938691746057,1.26197848992649,0.060281235859515815,0.007188203177082217,0.009185665609411356,0.006104310170630906,0.0947140636213027,0.039755599786936706,0.002119544286452017,0.019435707496009074
CAAGTTGAGTGCGTGA-1,0.17961617584388795,0.27369394078948184,0.1722131186996471,0.4333303255168584,0.8227424005068389,0.43176374859889,2.5644711236099864,0.1987071789846978,1.955848347455209,0.03248822590725671,0.40351483971308355,0.5489315195628719,0.042362419150200385,0.3734068126554481,0.7811600219185807,0.7016532588315418,0.08567411067691955,0.3949777215892958,0.11131419612994219,1.422965584356902,0.24773462055528112,0.26390347529571934,0.02576769866787157,0.2469547413470395,0.49097590857406276,0.5541297333453217,0.6080734246870197,0.6107789270747496,0.0242862979221711,0.1731232580088539,0.223894446310279,1.1301345962796812,0.14583858940525013,0.4476484891461026,0.12291978953588617,0.49525796064004063,0.12211543500129247,0.07324547820818689,0.16048687330668826,0.15107691670798679,1.5794771633119358,0.4391811286202106,1.0801493629783472,0.2889649952280545,1.1986183905662153,0.037443727902239626,0.7943238879099187,4.75759909179439,0.0671772222758939,0.319819553040087,0.0004992924344917828,0.01614100779337947,0.18267107782161837,0.0005479033583262027,0.052229252050422975,0.5337636872895055,0.2129534344570106,0.7322410213340251,0.17225850472308782,0.09522129006285653,0.5504337046642581,0.0005479033583262027,0.13385490495111974,0.08158371197128672,0.16683266838202604,0.5948432267186432,0.179164680490365,0.015660950701954116,0.004880678187251587,0.0010406399654304258,0.08256761909935696,0.07289985351579405,0.08809050960836606,0.17414219032136286,0.0020264086219646932
CTGAAACAGATCCCGC-1,0.7507931480741052,0.3102345265964766,0.41295661663249394,0.7732052942428995,0.17712119205252203,0.8735385552116027,4.341100230095962,0.9660331908743035,0.9432311696060539,0.11306410568783126,1.0189394027256868,1.616839956173608,0.49779738643868227,0.4717201175713054,1.014703784358695,0.9005016662885533,0.9299988595706288,0.6007096399664542,0.042107548588851795,1.8022568739706113,1.3188869529124212,0.2831030925174981,0.13285262105393397,0.44764990645494296,0.9677320638107023,0.036558246440881244,1.442646773196455,0.4867395007311284,0.25199796279426534,1.0264526089263808,0.7091701244380968,1.3389973876477448,0.8735288952020192,0.7406622378689213,0.08277258455571869,0.5559874620467478,0.5913223384624026,0.14787468120962738,0.8134444605791623,0.7825639263155956,0.7080513430764656,0.3657118020370089,2.378695304225843,1.3415119053909472,0.08134579528178036,0.5069770917785728,0.7389316493268651,1.9306807599654623,0.22167192500778693,1.1396913047777604,0.00777594953339364,0.10829964384627841,0.0909633250481479,0.0077736767421746405,0.015459818650959842,0.7981550386341443,0.15446825782388784,0.5844409339717934,1.1884576921342376,0.21301005899319245,0.5834717534097245,0.0077736767421746405,0.0513547118388322,0.6854841174679278,0.030429059328146667,0.5758050493443292,0.3506907473341108,0.2047198458274447,0.0629390448746317,0.020649822416812208,0.07815646787383387,0.6289486008478826,0.3548001998071283,0.011293935243882013,0.04799917091278656
CGCTGGACACGGTGTC-1,0.5971296274471675,0.28233818061667737,0.31426315418624695,0.6926023925208786,0.33418898231390837,0.7580062742314436,3.8162750969484236,0.7596272399119564,1.2835639521099955,0.08132147309501449,0.8845839038352927,1.335940058939722,0.3660779865731024,0.4553369969143055,0.9739120462563509,0.7663900988756007,0.7007158010500276,0.5766264460534386,0.05355604923879623,1.7289406319771028,1.0242651098137334,0.2761103299392399,0.09005802785355319,0.3809481892407164,0.8438743395178075,0.16889442033371452,1.2247617679113951,0.5603122466329665,0.1632019160542716,0.7945451845724154,0.5937565952961719,1.2832541835263636,0.6770274712771507,0.6422200668785168,0.08232879522857378,0.5767958164249588,0.4682020342282429,0.1043529722497113,0.6231121296582081,0.6066309158378659,1.021209185556856,0.374456207237595,1.9866177539832837,1.0579578083215,0.3663517751782203,0.3861617139336977,0.7786255353980589,2.7984579464294224,0.15604856708066558,0.9009513758035593,0.004553650910358085,0.08704896677847224,0.11882447002221876,0.004278068634167307,0.023245609357040904,0.6547388511037289,0.13733323436090827,0.6653267612358315,0.9434836314860564,0.15610075059348463,0.582111038604651,0.004278068634167307,0.07680249511966582,0.5209221136257454,0.07621435356527592,0.5158234762508558,0.2537182904035549,0.15464216162408806,0.048136928160043155,0.012140043953077885,0.08410160525747318,0.4939462942688226,0.29349813427723837,0.05314718688227671,0.02856043110065218
CAAGGCCAGGTGTTAA-1,0.18801908183028598,0.23921697832471786,0.8378731483715504,0.20751122935183905,0.6470107104382068,0.4125657395414189,5.033320492395836,0.47193334586940894,0.34450763095497167,0.4409301945019003,0.1620517783803077,0.397554673548164,0.15465562300889177,0.0889706141153465,0.4270823790729023,2.1751029503449373,0.268556117389739,0.10286240263129592,0.38301899756171087,1.0885424496820537,0.5051915776853009,0.11878962552705312,0.38545197954617677,0.28121214842937414,0.3097216519780382,0.05245077284992031,1.0101744927472813,0.03993695033633531,0.3345959005668594,0.43491355967226897,0.08117860896658059,1.0028459214516185,0.29822034875401987,1.1267793654565088,0.5886164297353867,0.04965175944927566,0.17919113757921618,0.3592853584577335,0.3792439503187242,0.3194264295774502,0.22173427909964286,0.2528478729096089,2.4637720369350697,0.47020987189373936,0.11530061009801203,0.07586208173652076,0.20167273243316375,1.0178666628422013,0.4884860275861646,1.1342094623842878,0.00899682579734066,0.010843891122263786,0.031968959462107406,0.010858914667340163,0.009166518758417109,2.153274506400168,0.7161803373880045,0.08474629779618645,0.25494410492043573,0.8948630263527533,0.4120773228502935,0.010858914667340163,0.013926609160688103,0.3939137492425048,0.010837249143756325,1.4554916722948759,1.1978551357651332,0.06654875756887678,0.012139953800645132,0.018051951361787066,0.011268549561957834,0.11906485430932014,0.04940126241952461,0.004961868056933851,0.038511574866922915
GTACTTTCAATAGAGT-1,0.5469380345707255,0.5169431790587963,0.7861881098876191,0.5606455330980629,0.3030051425147658,0.5977169324508945,4.594647876230254,0.6883445869981482,0.7338440939339737,0.24229695958351466,0.5350879216354328,1.1953577950479672,0.5395433102194986,0.3236779885596936,0.7191699720377384,2.0142969728100804,0.7797094052792782,0.2836322557229732,0.18306849293617855,1.5794707160656685,1.0926698491013378,0.3399912726862576,0.3360576255359685,0.6406808967262612,0.6519790525561293,0.009425112585835869,1.243142048113301,0.14503390299170982,0.639059813807226,0.8634253600563306,0.27886100061422264,1.2100487047149213,0.6535339349537155,1.0190065695034793,0.33236473575915854,0.20789870323199594,0.45909329802620186,0.43338597374321836,0.8250791045449222,0.6605178630066091,0.6538049303744758,0.5682754493669706,2.427540218045591,1.202055433205591,0.034087288036370914,0.3172319448547295,0.5851656377213713,0.7528892104449515,0.5192486819246629,1.184822831360709,0.027017881391150203,0.04078294273053141,0.11517394678953605,0.03212471314282864,0.033200227631320814,1.6925279113778382,0.6145004502321978,0.3372970908553098,0.4756872842871678,0.5212639176256789,0.4180684734355391,0.03212471314282864,0.03637015067234663,0.5992781063420469,0.02817529138063498,1.6035739012802606,1.0920843631613997,0.1416735598464147,0.03896773615977283,0.06696136170158344,0.03649017464489239,0.28625487932100113,0.11779629500939241,0.0006462664598782779,0.14716819227553504
TGAGGGAGTATAAACG-1,0.7373545052649728,0.33261343845670444,0.4601235743096228,0.7532303325118338,0.18282100955326971,0.8512917568294699,4.406931886572963,0.9497198301282841,0.89466792862249,0.13035151424432817,0.9745993761117326,1.5852857581557158,0.508316005906219,0.4550394810271102,0.983885248494027,1.0283247840008438,0.9251075057596239,0.5667433005447274,0.05767799626150114,1.7793971166334162,1.3109990788959602,0.28793408571134027,0.15756017301324232,0.47022333328215415,0.9389228864340389,0.02553294023316733,1.4350127664309635,0.44499914032662835,0.2965984182604787,1.0211579152514867,0.6699199120712107,1.3264577888556175,0.8603803116286992,0.7786228649428044,0.1109855426653949,0.5166500242382904,0.5831275387462022,0.18070914152048254,0.8241440651445149,0.779175630754103,0.6767959108211639,0.3837462965613619,2.410108743225317,1.3409825808422542,0.05880929257979715,0.4931009539730769,0.7169818985236436,1.7500838280555517,0.2572058982314168,1.1607499726624004,0.009940078934118126,0.10228367403112162,0.09051994365442635,0.010464432612035317,0.016653268725879886,0.9072430480981596,0.20540127438594882,0.5505005081199773,1.1278104850407156,0.2521827039193223,0.5661185535480298,0.010464432612035317,0.047768774744583166,0.6862769637273375,0.026949218808051154,0.6880197095400047,0.43591759537226205,0.20069039965660268,0.06126043914985202,0.025756761379183885,0.07312785027862896,0.6003658442356994,0.33337577339949903,0.007531709697513524,0.05893583985167677
CTACCCACAATCGGTT-1,0.4629189338311895,0.46372009265252706,0.8121992894131241,0.4689475619066711,0.38463496308807493,0.5543431389729045,4.706590957560625,0.6400395547467188,0.6411325213425875,0.29132964426093055,0.4450579741875103,1.0030448259962557,0.4534081379937376,0.26402189414002575,0.644568331117097,2.079364843719397,0.6578814578632344,0.233920472272235,0.23551393787741587,1.4713010585706578,0.9601817952673838,0.28435941375574086,0.35454407127691734,0.5677566338157186,0.5580251617396099,0.016703312385589697,1.1969639192530648,0.11546147128939496,0.5806970932824966,0.7648138187207877,0.22543716965741176,1.161999454483939,0.5620882250349238,1.059879890416566,0.39623159794866425,0.16473793697377997,0.3883705023858323,0.4225880326067918,0.7222204807696929,0.580115810929215,0.549549730612729,0.49394639986120015,2.430415480746045,1.0342363724526733,0.049175832337140755,0.2574623324065188,0.4936183551514155,0.7758717134837848,0.5179927636083164,1.1821011972719635,0.023808323466907106,0.03368738000468187,0.09464174583731534,0.028407148397674224,0.027286217544588032,1.8364491099777096,0.6543303835897251,0.2688664972204735,0.4146032295775647,0.6133673008295246,0.41754868375488774,0.028407148397674224,0.03168632956232445,0.5598179943086459,0.024782805574066685,1.604173131553667,1.1324294474658279,0.12020657256256602,0.03347495566223346,0.05638263750213948,0.03070534748322701,0.24391156874313014,0.09937698195231146,0.0009720320765905357,0.12295708933727094
GTATTCTTCGTTGACA-1,0.7532451511400834,0.2998487373070625,0.3936352051746049,0.7780151618788252,0.17776106573578215,0.8809036651073834,4.313712792239229,0.9703154486482877,0.963041759330165,0.10711687064735242,1.0339702835252003,1.6228021658917426,0.49020857796727957,0.47671886645248823,1.0248670593695242,0.8492167271007016,0.9272319301822378,0.6131068517378467,0.03735114255554391,1.8087644844497675,1.3167155207522923,0.2789074536962531,0.123223249337645,0.4359691958305606,0.9760819602884883,0.04197060656627099,1.4436532315723247,0.5034968669557968,0.23167514516323667,1.024841820381328,0.7231418804001523,1.3430606716876885,0.8748922210292215,0.7256401458388047,0.07274363638121031,0.5709627503257069,0.5916385304862187,0.13383528427364325,0.8049280005093511,0.78056235962573,0.7199022898563514,0.35597709527208754,2.3626668687217376,1.3351481096580495,0.09257337081544867,0.5103162587027309,0.7457275928539331,2.0110475196014166,0.20648879479552906,1.1293955748240265,0.006822208743723553,0.11057384424521335,0.09076229205907221,0.006599750320902146,0.014797268644852481,0.7572535140052935,0.13502429326722162,0.5967999497712957,1.2104231659945581,0.1989590236921542,0.5907983393240923,0.006599750320902146,0.05298963591618771,0.6836967091755736,0.03213434928248744,0.5303369235287245,0.3161900112952441,0.20515345241145538,0.06345668372156898,0.018197650253130224,0.080189105950506,0.6389048621549979,0.3627580460010075,0.013075963485890199,0.04262052929825824
CGATGGCCATGGTAGG-1,0.13040264947981534,0.22390894844006734,0.08609853225728513,0.47008001464799665,0.6384971461097568,0.3561668395555361,2.4299471514940496,0.12568247523449935,2.395254144146608,0.011006836943651104,0.5054897794649589,0.5002580699620028,0.038152497786950186,0.3968190483967553,0.8580198923908515,0.5663260412297597,0.07573375097904854,0.5402255402992293,0.10359973029911354,1.6085433679327332,0.18158840689676398,0.30358922907363095,0.009758938721831813,0.2666676158145173,0.39957253522860614,0.40348653709234084,0.6490504679854862,0.8021566386503861,0.0108060134167112,0.14108840393402622,0.17017252233960586,1.0453241738696466,0.10260701530979636,0.4502913369954543,0.15087025391287684,0.6762200056128854,0.13628688173430847,0.025671128264440644,0.1086127982690195,0.10108652952615865,2.2598861676157775,0.4541009681627954,0.84787209062621,0.3483657852762083,0.8724940675324384,0.035544706061369336,0.9517739542406163,4.833473825743413,0.025684091604577214,0.25965779640101183,0.00017717324950096002,0.017128409783802756,0.2155031118606931,0.00014947777410416344,0.03859354821419093,0.3523823707305458,0.14394762485502974,0.9938591242939533,0.13596709775897148,0.03191316592969831,0.5275074538222875,0.00014947777410416344,0.14214865238273003,0.06547878316091131,0.24137955797103822,0.5472572286379266,0.1246243587053506,0.013624574805634625,0.00455050346050593,0.00042047957086660363,0.10230643264560751,0.06870659095693263,0.0767707539529342,0.12748730044365467,0.0009336722367882783
TGGCCAGGTTCCTCCA-1,0.12785011181319234,0.17788938727917564,0.8413037632081577,0.15303265525204074,0.698176715514321,0.35510331871416473,5.253990736821754,0.4283024116546476,0.2689710931080279,0.48450940456640784,0.10939302069810856,0.26303280523907746,0.10191805220087834,0.05361087096299941,0.3814499765552678,2.2959815798770933,0.19830448078115573,0.07884172934571504,0.43676688113744067,0.9987597359083272,0.4154879827146111,0.08634822742753845,0.4088705636233441,0.22637722223673468,0.23111555325200964,0.04413566830951114,0.9716142163675541,0.020486440491445018,0.28783980863191094,0.38100090097475386,0.04535016446125008,0.9903023495637052,0.23948913336129007,1.169360389998344,0.6465911494872705,0.026976405464113916,0.1507035914387357,0.33632796145384775,0.31335012676327134,0.2627603153002039,0.14982070003371423,0.20779169173197387,2.433050728184265,0.37234747700788173,0.09434379855823474,0.04524862474686345,0.1378033088921745,0.7751570960414195,0.4887783301485064,1.1307096363501354,0.006086963976789149,0.006799783733616948,0.018310561748711998,0.007398592050949737,0.004902258555234576,2.2296588150333205,0.7486673190446566,0.04700708868441594,0.24769395924665774,0.9640471329167927,0.37853904182649123,0.007398592050949737,0.00846952317290885,0.42347091618233856,0.006673739722737974,1.4605513296229622,1.2356732014236085,0.06124878594150451,0.008213321668015404,0.011171941134085926,0.006915289123110595,0.09826182675376478,0.03989719431146783,0.0017356051103863885,0.023406711597218858
GCAGTTAGTCACTGGC-1,0.16552838424841193,0.25416113508464544,0.12694730310602864,0.45083890305997604,0.7492077808905766,0.43068361664251575,2.4800441279942578,0.1710376339958135,2.1544297359318856,0.019240110953363643,0.4459175080458131,0.569006153806354,0.04538901608803591,0.3970121198015806,0.834931497920906,0.6326891147505148,0.09108865307774365,0.45638153717426233,0.117992495040794,1.528641471630693,0.23053760686705482,0.2748972796977709,0.015879779599259267,0.2745445203617701,0.46187394707623536,0.49584418369225547,0.6185330785937581,0.6864196709649829,0.016869025983559223,0.16967723721435024,0.21037999351578895,1.1454952368253215,0.13401984465314942,0.43791347914732764,0.12217711428946607,0.5729431956882549,0.13641718674972736,0.04662307431798089,0.14317004657590102,0.13433205923504052,1.8432486783502764,0.4567628292560593,0.9579909600076462,0.3230778852078427,1.0723376967537455,0.04292074857186396,0.8698582826300267,4.792145691928972,0.0438040653661904,0.29553771238653087,0.00030901021512936996,0.018494599430689342,0.20261461897091002,0.00029409775483474007,0.04712978161896644,0.4569490985927245,0.18619319400079432,0.8310999723699598,0.16947716585787773,0.05763417676592446,0.5455668039912017,0.00029409775483474007,0.141077009674151,0.07990216551019813,0.1947852206707325,0.5664147696444323,0.15741158781231526,0.016869127748944734,0.005503312106623858,0.000707023791973823,0.09423922659933048,0.07959001191301884,0.08925494902594931,0.15626435815910994,0.0014866020591181464
CACCACTGTGATGTGG-1,0.7385029163613239,0.3296357019233871,0.44680315871403287,0.7592620954901255,0.18291325761318555,0.8532543833155595,4.371857359421856,0.9477758028649504,0.9206310946179354,0.12366767906147,0.982788176942963,1.5915731886467386,0.5067233132645923,0.4611044256233434,0.9925558640857224,0.9972559712212016,0.925163728881902,0.5755134646438216,0.052658824296856435,1.7876543044648463,1.3095806500821856,0.2902312641934864,0.15066441158171373,0.468044475434834,0.9455021100654573,0.031347188119708415,1.4312287332501508,0.45688087310841907,0.28865321518452214,1.0197950719203914,0.676132604706218,1.3300419697893788,0.8612392870645036,0.7661554055356973,0.10299910489381171,0.5270716100911718,0.5848407183552219,0.17354301261640218,0.8212941767250329,0.7780321506932089,0.6999130375329355,0.38515361718834246,2.391578476684021,1.340461407801198,0.07104364067545298,0.49478250073010316,0.727417032947911,1.808490273142351,0.24882370157781852,1.1491546595717654,0.009555354369983442,0.10307382419574233,0.09298508909498751,0.01000229136431277,0.017038099751696078,0.8738009540044828,0.19280959627837357,0.563423178598365,1.1339384581499619,0.23856954622285892,0.5690052895345321,0.01000229136431277,0.049588524339440436,0.6822194463909992,0.029330030297614725,0.6644710094544484,0.41572794421986436,0.20128073887931675,0.06129674951832595,0.025116495564410053,0.07456462999700732,0.603513577148213,0.33630180650323976,0.009517853781271488,0.05770065209224417
AAAGTAGAGCACGCCT-1,0.7455500215835869,0.2947092452567363,0.3816634630163371,0.7751301688671097,0.18587623442960677,0.8771169086947773,4.276261758629317,0.9605646186198921,0.9882380238028483,0.10341340960576333,1.0316529856848675,1.6097711510696646,0.48063108801869403,0.47767362456923734,1.026163196612821,0.8250625136561711,0.9143547875183262,0.6164132971437447,0.03650148163735957,1.8077956355450637,1.3002612323348202,0.27681060884251374,0.1179062778834306,0.42853264196580354,0.97285875069058,0.05038217975205916,1.4325258723273513,0.5130034654441323,0.2201910581982393,1.012362370751087,0.7218098306162859,1.3423767880387145,0.8648712430975909,0.7149156212749854,0.06938025442010551,0.5770274759805658,0.5852924468868295,0.12670602883115023,0.7918524576912577,0.7703895169999225,0.7411845102587352,0.3530841939775709,2.336463289319218,1.317441034611795,0.11053576679434658,0.5050001413860885,0.7501787177221901,2.084288747501865,0.19788117007000822,1.113034545450075,0.006326362079456236,0.11034068814670457,0.09243008957046651,0.006025393775015126,0.01494657808619035,0.7356498824664698,0.12768679589365492,0.6051767634594625,1.2051177109453686,0.1911844757318677,0.5934113986783142,0.006025393775015126,0.05504046988025483,0.6745756873956147,0.035206425653992054,0.5119830632207583,0.29968330433426815,0.20263984582467273,0.06283915842968935,0.016924211556432093,0.08125933140224734,0.6353884515456728,0.36221134429667107,0.015757499876453137,0.039787127087890596
ACACCGGTCAGCCTAA-1,0.5473212033286853,0.49949812879947764,0.773573894729182,0.5587704968292948,0.30689763781025936,0.6085154130640429,4.603231772654095,0.7004738092553314,0.7290314991458547,0.24276691946764575,0.5510208324820738,1.193737833577464,0.5275522815611727,0.3234437930276082,0.7258429657802534,1.9644592009322823,0.7717294013048712,0.2938268811908294,0.18334456307522098,1.5785191172583672,1.092248031736332,0.3296912483910215,0.32848986577100225,0.6238028871365148,0.6547162445180871,0.010611837985530672,1.25129349739147,0.15937157647644531,0.6114091342598224,0.8600234154964727,0.2961176575220099,1.2093330216261833,0.6529282818074783,1.01425513534675,0.3291710615978644,0.22099742483538004,0.4575095831003497,0.41738980513676455,0.8117216939113161,0.6580533845621481,0.6383637368838495,0.545905310331901,2.429989350290263,1.1907902082094566,0.036103193168540396,0.31975054327354274,0.5803364467732997,0.80737014800608,0.5041806531424387,1.186542030296789,0.02564305824665248,0.04368244074978729,0.10996635196176621,0.030394291318314143,0.03145438900992653,1.6688031003464059,0.5955917545736006,0.3386422840699039,0.5080623501016359,0.5189635157813426,0.4269414526845281,0.030394291318314143,0.03628123155504752,0.6002889983507819,0.02744769564023716,1.5489813473267555,1.0596724675903384,0.1428967228196015,0.03969889939897665,0.06321545378101935,0.037944940495075685,0.3006522086117446,0.12901713660348238,0.0008708810933199713,0.13900133863611133
TCAGGATTCTGATTCT-1,0.12178486506496176,0.21819974696609726,0.07865723334836713,0.47079833206842064,0.6169024001802668,0.34607256653386265,2.41393800503731,0.11579571015854696,2.4376557737679425,0.009550671678059225,0.5111029443428656,0.48776812537737047,0.03537621474231329,0.3962087745929384,0.8618609827837984,0.5558877913845915,0.07012494596931318,0.552929835150308,0.10322295922562208,1.6222457000130146,0.16951621573251585,0.3067061562949736,0.00855835747555985,0.2667022745208612,0.387122318336962,0.38498697325034614,0.6516376191015586,0.8203849054219573,0.009272965022209393,0.13291227548833276,0.16056485136670423,1.0300834595605726,0.09503750404352301,0.45031463537628985,0.1557178768986974,0.6928843828745477,0.13478588242159398,0.022495496333446944,0.10036035990642207,0.0930408386280697,2.3322156173344757,0.4538442487415064,0.8273240056586777,0.3487471118649213,0.8324397369864259,0.03249030657659237,0.9649159040647376,4.851735735145837,0.022545291049184388,0.251666402771202,0.00014151598049398363,0.01656009537886645,0.218463000407474,0.00011528495785695139,0.03685033726160559,0.33814130237448353,0.13964155890879937,1.0195836884899292,0.1266094208450698,0.027851274485653794,0.5257905300970314,0.00011528495785695139,0.1424900113961414,0.06098571308644411,0.24952838457762128,0.5463417124640882,0.12099536329266716,0.012367836161109435,0.0041649159738843785,0.000333818251817915,0.10392236701013162,0.06478676688612468,0.07319772628340622,0.12162602470985352,0.0007426844964411952
GATGCTATCATAAAGG-1,0.48723602149646833,0.47043712466627374,0.7951209393420186,0.4942650860354484,0.36133612540639515,0.5725308685205587,4.672401342677008,0.6596110658522619,0.6653301045942351,0.2759398906949904,0.4782991460884133,1.0575846120238472,0.47095617498018627,0.2809427689637177,0.668821662781139,2.0324344798042713,0.687659659779176,0.2528950967979206,0.21931624308615444,1.4991451270929717,0.9961362039477959,0.2942336298601595,0.3442536814870758,0.5777267273413451,0.5879645719194143,0.01587489226093942,1.2128557306708043,0.13134617293025322,0.5813230295951406,0.7901477489428584,0.24987061391820317,1.175198758117502,0.5877954633752059,1.0416634572654648,0.3735983905611871,0.18365390200864082,0.4068145544852475,0.4172725215190393,0.7441004061805693,0.6015290065387071,0.5711319313788707,0.5030355939532287,2.4278195232403026,1.0739120963201927,0.04725650747494271,0.27560259467447545,0.5173688445436246,0.8143199607557192,0.5088820802430015,1.1799589162217339,0.024004444898313885,0.0372069524505755,0.0978745862653575,0.028558870486522055,0.028069957381343266,1.778232940499426,0.6334905072369723,0.28943089680562906,0.44967707627976594,0.5828323882969945,0.4233477732509892,0.028558870486522055,0.03310063929653311,0.5729328660289116,0.02547980428467479,1.5749953115772224,1.099487846343301,0.12639892005072714,0.03536731589280492,0.05740651751493007,0.033149650295538215,0.26299117227940433,0.10998385373380498,0.0012051819736485939,0.1253913871423736
GACGTGCGTGGTTTCA-1,0.2112885372504347,0.3326622424910808,0.2031294118749285,0.42937998128622373,1.1724989754968573,0.38471301918893164,2.5424747166988872,0.18810565214710398,1.7813444800007714,0.03025204453306509,0.35199855730903795,0.49956307706357245,0.02888872402702669,0.3815205269981838,0.7225440206681928,0.7466129880943589,0.05910338860666552,0.29159159001559604,0.08602279475415328,1.264455584029167,0.24838600435025485,0.2806836988855517,0.02257023318897173,0.2007568636001185,0.5453108197952982,0.8568983578496306,0.4952709474202682,0.5175544506953235,0.01997905565679,0.17041797559251504,0.2744755170850385,1.1975739188544074,0.13126671263441345,0.4474562458681019,0.09073151755202968,0.3732576667130127,0.09198601302197092,0.07878745746924017,0.17391230000261143,0.1622905059830781,1.1312984974367533,0.46653715504239457,1.036536630634072,0.2062325164520658,1.8543137010777386,0.02314158384773453,0.7281204934103545,4.80328288771289,0.07019245713211729,0.285742212204463,0.0004058360582411771,0.01156261399274171,0.16235075917923453,0.00047155225095108215,0.08030743539006102,0.5312473272971373,0.19948137883107098,0.5970964113874673,0.14340217492422355,0.0965382543663447,0.5220964857265602,0.00047155225095108215,0.14344001121347136,0.06096547850234254,0.12060685642591495,0.5708899587946112,0.1510496054320274,0.010088593099862653,0.003058108854361685,0.0008194420257545561,0.06612909266444458,0.051958018782511405,0.10144031380957648,0.2719748570572746,0.001477207432621861
CACATTTTCAACGCTA-1,0.11464236646540528,0.16374949501259162,0.853226373485417,0.14093365709872777,0.7208967841773222,0.3486234732439992,5.281818109501337,0.4215999540234717,0.25443301856188516,0.49947820916248004,0.09581769127566767,0.2323848698924036,0.0869237534555804,0.04528023000956604,0.37386691532482064,2.2815265204712287,0.1789726638512772,0.07530934361513136,0.44399138060736304,0.9884866939121997,0.39596126605872617,0.07994066128162804,0.4121929471678449,0.21757007321628102,0.2180061639392909,0.04631862636726647,0.9655417740883825,0.017678248355937797,0.27719362339018094,0.36478542656184504,0.038904170286282916,0.9776427104704566,0.22693697472569446,1.1832514473969218,0.6689966135983362,0.0224610950294465,0.14174007530915525,0.3347622753410363,0.2962141651584139,0.2501257041352495,0.13352031879553455,0.1974127069921224,2.458699617736836,0.34933253412208776,0.09774834547516899,0.03714294221980722,0.12318720947328635,0.7669663265365573,0.4907774144324567,1.138190559264269,0.0052505174311220995,0.005798814776078074,0.015372667147044463,0.006380977639150376,0.004012767953999907,2.2562349455851685,0.7370430005170526,0.038848340346668835,0.2281621554136918,0.994710699369677,0.37381410591988284,0.006380977639150376,0.0074310472658556765,0.3880086745298424,0.005848527708818247,1.4344138878170234,1.2607976654240454,0.060062354063853365,0.007149292729097399,0.009169521986028602,0.005974044457131565,0.09401371739222371,0.03908198132459215,0.001770494780410734,0.019300060536032306
TGAGCATAGTACGCGA-1,0.49766704820766383,0.48454094113729596,0.7943576868594967,0.5056853564153044,0.3473464444029501,0.5751100805241212,4.6482956165543525,0.6622793639667418,0.6784599114494424,0.2673363033892459,0.48413719247297377,1.0828576732807063,0.48625450836737916,0.28842506272319407,0.6756501704849461,2.040369341950082,0.7040301854833731,0.25466373479424237,0.21159215105919232,1.5104424785074022,1.0138149892247847,0.30447656593489164,0.3434027937698994,0.5928963092671423,0.5990617040752236,0.015084412720472807,1.215364350352903,0.13056263985299124,0.5968893124653519,0.802108838559346,0.25125769074034143,1.1802217493357192,0.5982140711133667,1.0354922955999228,0.36370374730307653,0.1845014877823633,0.41539911229412274,0.42417297120585645,0.7612743139021368,0.6124587439503455,0.5886879712968077,0.5190314894676262,2.423002070506759,1.097576104333615,0.04594897085862835,0.28161377648114244,0.5305018527275378,0.8089621091551549,0.5126819896915648,1.1763131897530843,0.024938587453594452,0.037101579561211975,0.10198715325811168,0.029683743133716908,0.029492227953962967,1.7634973802580391,0.6362683424640208,0.2964092885411219,0.44807519966589837,0.5679741617216493,0.42199720598860474,0.029683743133716908,0.03384884917895823,0.5811054290346432,0.026241904257448552,1.5940665100992937,1.0998723043661942,0.12828186012380893,0.03582802522860727,0.06009773206608791,0.033431634418654224,0.263082998524553,0.10813504635448543,0.0013103242905717547,0.13131256963274748
GGCTCGAAGCGAGAAA-1,0.18198201748834833,0.2611994782651274,0.13846539986873702,0.46384847459607004,0.7826620540554841,0.40489028852023284,2.541489780369092,0.18556096695184288,2.1165786790985877,0.02214453048575824,0.4673290425952453,0.5587864886534595,0.05294823176561681,0.39434344118295056,0.8220678677547094,0.6404640427732221,0.10524421507102057,0.4561252924879717,0.10136547468864285,1.504690164615487,0.25197952701260745,0.2869144178505276,0.018836564083991567,0.2571022781047104,0.4745330646913899,0.5261276423875395,0.6316218561756365,0.6859959237435791,0.02163331456212754,0.18707863334186217,0.22695771309198862,1.120364085752333,0.14638871412913465,0.4550407540408156,0.12530137189087673,0.5663370537296694,0.14070813690033557,0.04935025800775387,0.15869649607038908,0.14967767699548098,1.8011298132589917,0.4519150585570869,0.9868652731001033,0.33869767978723053,1.1380878907866314,0.05098552649860394,0.8624584091121424,4.718960879710116,0.04867600038216128,0.3082848262140256,0.00044949604939998835,0.019491526561630373,0.19360548772793015,0.00043305975274521297,0.05009992914718588,0.4442128895402174,0.170889905420202,0.8320652666964902,0.18668170871425313,0.06292350476124837,0.5353031813916082,0.00043305975274521297,0.13853105010084263,0.09030066898759606,0.19020134045974194,0.5579754260389388,0.14759021687986684,0.020282350036350316,0.0065064010527475305,0.001063757636845605,0.09007692909628665,0.08801856694361092,0.09635835143123236,0.16631901412844058,0.002314856878188439
CCGGGATCACCTGGTG-1,0.12696425586769672,0.17588381237972497,0.8695897654966844,0.15057783874296157,0.7217309644928587,0.3616306349771907,5.253659100829411,0.4334937967835647,0.2690554270571059,0.4999349152096514,0.10695313271362464,0.25714942132173674,0.09858696397735434,0.05138741929429413,0.38452518046043294,2.2582111225610513,0.1958565952270361,0.0817512247751973,0.4386144697130328,1.0221716794618325,0.4180179339826173,0.08761311632319414,0.4119126095089695,0.2364021451803837,0.22909258865970622,0.04643410316322936,0.9809001363540008,0.02030928334647482,0.29520274518180845,0.3797974677172538,0.04397958533621007,0.9793683857064823,0.23975542746776252,1.1915223935662862,0.6704878013483648,0.026428972519241447,0.14756424951845074,0.34272818995927984,0.3108833779503215,0.26281125323573884,0.1479798447798386,0.2084652932319921,2.485720006445836,0.376896301097827,0.0986420009722244,0.04372752414054624,0.13544176999146446,0.7653615410711677,0.4994907882984274,1.1591179612387916,0.005949064706562709,0.006671288211814836,0.017870171309876982,0.007212718072568654,0.004689676800490727,2.2705917394082924,0.7274289375263926,0.0452179770595401,0.2191719014292693,0.9990261813523371,0.37811131405134607,0.007212718072568654,0.00823713079505867,0.3653923469390371,0.006504070887864428,1.4362031217657991,1.2801625228886768,0.06193946498472579,0.008137820805297867,0.010628967579969638,0.00676365298245947,0.09932933351283793,0.04256207290198311,0.0016368632845455923,0.022769350348202735
TTGCCGTTCCTAGAAC-1,0.3970192831436485,0.4142395086358271,0.8403726162079448,0.4028490902745481,0.4565148300349746,0.5159649818362328,4.816014795254784,0.6012291145277286,0.5697703029224928,0.33520726757229513,0.37414500552764407,0.8535508531180196,0.3869536069832668,0.22046482093900996,0.5895466856417185,2.1319419558390367,0.5676767555366437,0.2006690154381332,0.28080659301139055,1.39414035420364,0.8593195129540437,0.24653633490556656,0.37021755253580246,0.5148010929642441,0.4856060873072616,0.021358499416694997,1.15915318789022,0.091905599958895,0.5398443480039166,0.6908384080909841,0.1833376122382104,1.123641759954025,0.4960003859685636,1.1006092173459936,0.4588008479544652,0.13300300494895986,0.33882464976190885,0.4125650682687497,0.6434202782609121,0.5180744097405573,0.47223608722771165,0.4417685745128312,2.4486241051536544,0.9134712570338082,0.05768519364424563,0.21349781900522768,0.4232945196821136,0.7325597604339741,0.5251957598340117,1.1880084478492838,0.02091724527569545,0.02777628805481478,0.07962965399981128,0.025023172980542553,0.023078490617746358,1.9514926949240305,0.6759993892619302,0.22092930007406114,0.3616598517763444,0.6976483703242874,0.40716113815157035,0.025023172980542553,0.02725168401230355,0.515920618999231,0.0215394015817951,1.5951355536149523,1.1833824728737765,0.10751091121622715,0.028637169447522908,0.04831833787511648,0.025740024765661867,0.21181251101403697,0.08669952650937285,0.0007349486065845871,0.10547290405617876
CGCCAAGGTTCCACAA-1,0.21736953626293293,0.2920734077486455,0.4823040342047454,0.29449283337061366,0.6142269872586015,0.5554547162808438,3.375422312155734,0.44261867002091015,0.7533357944366256,0.16014086964907248,0.17510986038508147,0.5120165907706181,0.056473945540532595,0.16738717294755973,0.49199377601552274,1.2126546901048025,0.11405146953905593,0.1359950330428388,0.14071241089781758,0.9636443817026695,0.3907507295710674,0.13296235461197126,0.12808407368885472,0.15384541413092298,0.5810333588653659,0.3115073861312701,0.7882198659806067,0.20454170646296302,0.10849408547972524,0.22127590444308803,0.20742748282597223,0.8895985794394219,0.2741026227792971,0.5570658175142036,0.22126859208044206,0.14691039019685553,0.0852301431404392,0.2758906177219706,0.2744368172384102,0.2613372280097459,0.47348364603621057,0.24489152859093702,2.15641792199316,0.22215684137433805,0.673750581843696,0.029871395396147683,0.3379335051146365,4.1736330260563435,0.2599614628176063,0.622876065676387,0.002696059662084013,0.00819368892469794,0.07142955724243126,0.0033020372445430324,0.02780732159485337,1.2202908745441734,0.47927201554552046,0.23400501507022928,0.2589983938385578,0.41888809360327084,0.6408212898923029,0.0033020372445430324,0.05378622496642101,0.15818778160413904,0.04568575300089172,0.9145879392719954,0.4710231865396467,0.02177832427730616,0.004615773031442221,0.0051952298289012055,0.027730529948799015,0.07066786324130891,0.048742703545838525,0.08816491906328676,0.00981342925522374
GAAGCAGGTTACCAGT-1,0.09654299657683003,0.142842641645671,0.8664650665799171,0.12481033029980887,0.7491968325459137,0.3340190544992164,5.3520596890984775,0.41008295224033464,0.23491929415896562,0.5259805013619645,0.07879314709437124,0.1906382436528093,0.06903638622912658,0.03459923676107074,0.36545788270232915,2.2682634162685824,0.15537172298237284,0.07102983726974152,0.4564304980485462,0.9694310001832802,0.36711294176776815,0.0722223339204863,0.4195092978436682,0.20781697401451157,0.19616089113840385,0.046785035395648905,0.9552862773893285,0.012972534549851769,0.26259585622222636,0.3449400637379401,0.029115488561927045,0.9664410718177188,0.2091790420060181,1.1998787489968377,0.7022782949302447,0.01645309071162307,0.1326413214688804,0.3331952132607903,0.2764927152691673,0.2326576957215751,0.11177347962287744,0.18682942607754505,2.4893694599991076,0.32120257726688156,0.09642451835607428,0.02777084066383131,0.10358485770688655,0.705002401719924,0.49210474460069564,1.1484534267696482,0.004236220764474806,0.004555658111450358,0.011520279494952922,0.005141432172685954,0.002836148879449663,2.292620316078682,0.7195285432662526,0.02835532261914218,0.2022626702282414,1.042511041377234,0.3603417906872549,0.005141432172685954,0.00581993846616857,0.34307562397452507,0.004613130178006891,1.4005444366785826,1.3076782788457528,0.059448311050557215,0.005827981882465704,0.006865526383987433,0.00468111898241437,0.0886974242499339,0.03738694845901782,0.001171305295366127,0.014569999039473671
GGGTTGCCAGACAGGT-1,0.1283674797899089,0.1792044403286981,0.8523542822981794,0.15286665045273,0.7079733465016733,0.36302084590872213,5.224999091562443,0.4321881839782949,0.27190537919155533,0.48860022973173534,0.10781394879919731,0.26325256325541446,0.09892834593726023,0.053007737804127104,0.3838091524422247,2.259571769285411,0.1956443186216066,0.08007258035120679,0.43269358164145766,1.010099437994198,0.41572038431800734,0.08700132260179938,0.4066590845321815,0.2292973963244309,0.23648859525293076,0.04823262451232812,0.9749493402550103,0.021622167952603414,0.28920967016643745,0.3780275779331332,0.04660931177916543,0.9820954414088499,0.24098689498951886,1.1717582800789579,0.6524610580458479,0.02711255291648426,0.14705932302831998,0.3405225141428071,0.31167703286608844,0.2636216932431491,0.1501362985749231,0.20748228598595028,2.462098363600932,0.3710036832381467,0.1026292267758206,0.04375550022750882,0.1378278723975973,0.8276206096370168,0.4915831823605543,1.140562414598681,0.005958001087621919,0.006677113538848654,0.018359083802535325,0.007231175327393079,0.004945733133080553,2.2417480294805032,0.7350728301512075,0.046910133197170495,0.23215948811493864,0.9763178342420147,0.3842454552549148,0.007231175327393079,0.008698129323317896,0.3873248822465524,0.006823766089698646,1.441441636834479,1.2486596012972284,0.06076429903658468,0.00807394222384706,0.010744545427779976,0.00694698116960464,0.09818852560361767,0.041029177106382896,0.002483469164084382,0.02270608277814584
CTCGGAGGTGTAACGG-1,0.13776330464771955,0.17994986152207698,0.8770459039603957,0.16062286883941765,0.7198746448397001,0.36764260846369107,5.254359848991163,0.44299878891919736,0.2782542208873941,0.49731701747838836,0.12018165735632352,0.27846183113619616,0.1095033853791581,0.058035427193036095,0.3940078922520516,2.2551121663033324,0.21092658328692834,0.0899998122879012,0.4375386500095181,1.0457368206471522,0.4405977209839233,0.09382494320002538,0.4118413706271528,0.2501868762350834,0.23515317157589535,0.04391699684208391,0.9931881051267961,0.02507247104662552,0.30566481537463175,0.3940607015148583,0.050913588979509476,0.98302624482751,0.2499357426171228,1.2022246446838551,0.6723626977991815,0.032909204344985954,0.1566233245262545,0.3424191632804398,0.32192003003047087,0.2723496536505813,0.1590961483467428,0.21576572673319092,2.4946097203834317,0.4032315386360367,0.09406964245148419,0.05176444610280024,0.14561547049053106,0.7230175292275557,0.5048625304563795,1.1711823173035305,0.006309782128600324,0.007952196321853133,0.019894271209298504,0.007627690105286474,0.005099825479521574,2.2657921259034794,0.7204753019710526,0.05272506170858359,0.22582943288976282,0.995767462651329,0.37566372399888137,0.007627690105286474,0.008659319023343062,0.3668493345886997,0.00676297981825372,1.4338849604399297,1.2864585049690078,0.06530758132075959,0.009107477027441602,0.011631513785410408,0.007622513717615069,0.10714225223444301,0.047394945447071575,0.0010796668364525246,0.025240989817007592
AAGACCTAGTCCGGTC-1,0.18386009080603538,0.22976316824867363,0.8731631931320087,0.20129474009894918,0.6703337066672195,0.3966842771486155,5.1564166821378645,0.4708320281962871,0.33262481995255144,0.46661444149503084,0.1617229566147831,0.38078355114336804,0.15968048958831138,0.08537433167620183,0.42541357301945426,2.2385166244084593,0.27475674397165356,0.10524563281163059,0.4083545344514141,1.1092295373118184,0.51316660960196,0.12037273594324525,0.4049351599941984,0.29926373982460025,0.28001250265790995,0.040659476547181585,1.0231042410309108,0.03332186820557151,0.3542226218506781,0.44681908553179056,0.07054090420421331,1.0088715083904125,0.2932695279880325,1.1808288801037747,0.6294706646404808,0.04671974353183567,0.18560920190730262,0.3602290555295996,0.3811017238610816,0.3170065950048951,0.21633234868003282,0.25774255568754817,2.4837987719472623,0.4923730950429783,0.09001176381350207,0.0781832672932628,0.195537759961658,0.7481892394742103,0.5104729072118307,1.1746501197602248,0.009331611420031631,0.010925031919220054,0.030613153791316843,0.011264547544529185,0.0084565490270489,2.2231524087402708,0.7217869162647099,0.0797671509748622,0.24290594505923177,0.9398548754944807,0.38648709908292295,0.011264547544529185,0.012290613637564575,0.3936314599080831,0.009774087179728393,1.4824688443694618,1.2685482514288167,0.07048947037067094,0.012596540161492262,0.01869134443094679,0.01066144021989847,0.12168666965002492,0.051769717040401265,0.001222342391437899,0.04049879073682423
AGTGAGGCAAGGACAC-1,0.09934714439391726,0.14453643803648522,0.8511936292857445,0.12887373452543324,0.7347790119284421,0.3288967677701916,5.3637633456802565,0.4069224596307873,0.2355472925067914,0.514203506685364,0.08267041105636995,0.19835592656990986,0.07436889770577758,0.03750144350561476,0.36388850402614464,2.292438353762839,0.16006440193553687,0.07073913634420281,0.4523901711333504,0.9592414780257582,0.3734009810502502,0.07294175573033088,0.4197627949487572,0.20557560314246343,0.19641471221820045,0.043818217706900815,0.9519582908162108,0.013674824163286362,0.26081232748768574,0.3487336499465746,0.03078942421977,0.9721644590823822,0.21000738779038436,1.1963534619107075,0.6921345972565646,0.017926825845841137,0.1392946238005667,0.3280592961142082,0.2797352036096637,0.23428644884069566,0.11530973177376479,0.1877084315794214,2.4615849231664444,0.3262269362415774,0.09107316607875328,0.030702158224651027,0.1071549341348838,0.6857019591855011,0.4863708212798867,1.1297624943452533,0.004464381927446857,0.004869956424274149,0.012412048458529565,0.005425759709331891,0.0031133396818929836,2.2653002308894745,0.7279673846162384,0.031008970952304704,0.21776842770244104,1.0202765079973626,0.35587903643275065,0.005425759709331891,0.00601487728119944,0.3754525156258777,0.004767849283497136,1.4100667284663722,1.2824481846603852,0.06021357110139281,0.006094574858586362,0.007602449481229021,0.0049238455126607225,0.09010739684556637,0.03651269437465995,0.0009577285987277382,0.01595227121312786
ACACTGAGTCGTCTTC-1,0.13338479660418337,0.18060836795443125,0.7925402513670171,0.1598181309225847,0.6498339132677682,0.3334846266293653,5.291424134251235,0.4218800075508706,0.26751258747070084,0.45433847491664425,0.11721173670495835,0.2790353278318728,0.11639057082217268,0.06085246340552355,0.3776582497496457,2.4122789653310845,0.20799150826254298,0.07641530311928739,0.4475367044011814,0.9583215059820598,0.4244296785457311,0.08722121351904272,0.4046081144701843,0.21934621971202084,0.22637180752746303,0.03480935877648695,0.9570587079955875,0.02079865495332186,0.28217624544425857,0.38914746252799126,0.04742597131223937,1.0137913187469476,0.2378736352220036,1.1370974718804086,0.6071564821723374,0.029727291300142622,0.16026502859403877,0.3205432234103184,0.3223006715425371,0.26390606378036724,0.15549372610970677,0.21153819729525894,2.3105033284779712,0.38167188563772186,0.07589530895365179,0.052479180138727835,0.14533334076029558,0.6866550980968228,0.47640448369039873,1.0784781237083936,0.006713147131973507,0.007524275320716602,0.020018521419450513,0.008178551872088375,0.00551944956640176,2.144898351087438,0.7975211999738495,0.05264240103516082,0.31569191137125946,0.8940496818523148,0.3656550476274053,0.008178551872088375,0.008790363048822051,0.569830473329142,0.006983950449679732,1.5299385428595353,1.161664669226169,0.06196234826410969,0.008775453025715854,0.013246329482857025,0.007423244276640069,0.09852618454579577,0.03658292638249223,0.0008127231437046106,0.0269745548360633
GGGATGATCTACCTGC-1,0.7551791858149927,0.30350387182135374,0.4006373131202149,0.778365786626642,0.17503671200152865,0.8805901481918869,4.328825254427502,0.9722509207168961,0.9527969158069554,0.10906436973811129,1.0320032058659898,1.6260924044121936,0.4948186910020129,0.4758153106471781,1.0229218548546786,0.8657841447235224,0.931947355052645,0.6100448659279814,0.038273089204369844,1.8083061711000374,1.322285467413617,0.2807419963311664,0.12647832754026728,0.440765761979314,0.9758006034691852,0.03854983077336025,1.446612464875923,0.4977338144624466,0.23919303302102896,1.0290296161957255,0.7209489738995414,1.3426684489165932,0.8778475449866593,0.7313482936235673,0.07541083030617358,0.56657332728109,0.5937574729808476,0.13863089130363243,0.8107418676509643,0.7841358280853147,0.712503629800706,0.35920893332853504,2.3730521964758666,1.342128559652356,0.08532123924082162,0.5113828608190281,0.7436663452674394,1.9746417468956008,0.21192560321990872,1.135925461638936,0.007156512175333689,0.11019955248539186,0.09049638174623419,0.007001511335929099,0.014931039857323811,0.7703998748934894,0.1406307945372031,0.592470913749656,1.207701913886905,0.2034420721463297,0.5885670617349542,0.007001511335929099,0.05212115916447573,0.6866340850227228,0.030976758432796996,0.5443153406935601,0.3274736593322673,0.2059322266306665,0.06353326875461263,0.019096713297948674,0.0795110427197504,0.6380507220015561,0.36139221982089775,0.011983106483005452,0.04462665378754131
CACATTTCACAACTGT-1,0.09176402590651991,0.1347905967242218,0.8515526228216939,0.12260668637252604,0.7433099792843851,0.32014594569157284,5.401096937649956,0.4006697456567638,0.22804927559187013,0.5259162827170462,0.07554989446305387,0.18132150217299323,0.06730693640184937,0.033610885671607305,0.36085491760023325,2.282938900121923,0.14947047255377513,0.06899907514957956,0.45693650504522526,0.9446765255954104,0.35949739848999734,0.06976966992060711,0.4220257370845286,0.2012761995353602,0.18691488633393252,0.043806359063589054,0.9443793763026901,0.012005623149506959,0.25194491867059976,0.3389470349756981,0.027156852609187956,0.9687638222620897,0.2014738239516671,1.1973822249946668,0.7051910080125549,0.015781798650171625,0.1363808214054111,0.3267445932524958,0.27219334409127927,0.22597495326174438,0.10614306886928926,0.1842251209066875,2.46990377092898,0.3135837415386429,0.09000128200482946,0.027209238092852948,0.09909896403457828,0.6570698982386165,0.4837729030071964,1.1279951711009104,0.004037955667152509,0.004378132200476064,0.010973809665300193,0.004901518982695741,0.0027074729940769573,2.27070503897092,0.7173033056575913,0.02728894232338584,0.2077828409367124,1.0393374294551303,0.3473366810285561,0.004901518982695741,0.00538518654350586,0.35732037482559187,0.004283570627237439,1.3907278968256807,1.3029649857832373,0.060142947260076414,0.005513889881386272,0.006739860142844624,0.004418560498348089,0.08770804243963737,0.03532798909348299,0.0007852575681360001,0.014144566521200714
ACATGGTTCCTTAATC-1,0.15089866006602434,0.1963409454884705,0.793510366296101,0.17613750616556853,0.6355847620739566,0.3462430546007548,5.254504762298927,0.4337205278093264,0.28757374885046627,0.4452914185155737,0.1341479185499484,0.31774757979125406,0.13390121168790015,0.07152195023088266,0.39178507442042954,2.3904187697154486,0.2313410891799194,0.08447567070091455,0.4351601499027126,0.9855755723253979,0.45241497756030924,0.09759068079154219,0.401320572029459,0.23752019161818708,0.2451432968348439,0.03440507494105423,0.96962676797247,0.02581661869424528,0.2977223075022754,0.4083877013322913,0.05699702867110932,1.0208109995154844,0.2551940639444535,1.1315784451071969,0.5951228868399895,0.03668819539750916,0.17169475038295548,0.32658763398509816,0.34337189888876735,0.2808377625323811,0.17632336470277807,0.2263228056558628,2.3186492079639724,0.41528445882672327,0.07566825114697394,0.0630053081780739,0.16382862227174058,0.7038302030443983,0.47825745012325516,1.0836103208709025,0.0076185325854200734,0.008862786463733388,0.023983711327355436,0.009249614115635576,0.006693414772103461,2.128195566786395,0.789193856418589,0.06394395748071281,0.31968114630585986,0.8788702251773431,0.36972625680833915,0.009249614115635576,0.01005485021355995,0.5665537819670727,0.007964167919890276,1.5324262286847352,1.159367370060738,0.06479190436538704,0.010050608474364333,0.015510248667046584,0.008651023242041771,0.1059363076750368,0.03973644921723882,0.0009536958170343783,0.0319947616019888
CACAAACGTAGATTAG-1,0.22739320674271596,0.29762178045006554,0.48376049037392077,0.2827768440971149,0.5385298399932491,0.6048131709620932,3.269693918359966,0.4863620431211554,0.6003660822491712,0.14019417030119607,0.13730838717274008,0.5269198436996307,0.04535703060320085,0.1393262304449648,0.45072020901437304,1.1551936702770393,0.09680355571408404,0.10030447230627132,0.11066279334656443,0.8654830946735521,0.4014580331682903,0.10928510549056024,0.10701869449904844,0.1210333660090537,0.6363164580510194,0.27951086599279107,0.7961709265603614,0.16007514076202767,0.09000062987528135,0.19603485751024813,0.22028324942746685,0.8157869407660854,0.2959732640250532,0.4866424492324948,0.18568021312047134,0.10537069547179995,0.06637804421314504,0.3003577255031965,0.278942836726386,0.2711390990658059,0.33889924575359665,0.20474703293457774,2.322751449716034,0.1783270330880914,0.6041858871599778,0.022586400980067173,0.2765928702579378,4.5539918922407905,0.26209391810528343,0.6006010038656492,0.0021598954906889784,0.0065387640097692365,0.05810376226718221,0.002677617153857441,0.023756035344609742,1.199222735073316,0.49281932559107944,0.173515877252939,0.2789082625029697,0.4052448531752728,0.6954165217104044,0.002677617153857441,0.043705806868523024,0.13673340896453196,0.031776791503081374,0.8905706920864938,0.4145880219283634,0.01668061689596574,0.0035162636709994725,0.004143398196857484,0.021025181443953423,0.06375505942569473,0.039788625860895314,0.0763497304816442,0.007302176213033243
CAACCTCTCTAACCGA-1,0.09987325395813246,0.146859893889655,0.8695231077639758,0.12726554060151402,0.7476383344145335,0.3376954026776741,5.341086411749697,0.41348440075075665,0.2381891263602166,0.523676910551101,0.08208350270520104,0.19758251917039835,0.07246910298495488,0.03615584453954501,0.3673977393318989,2.273612919716036,0.16071972979879154,0.07221001193724318,0.45639212520991584,0.9783950395141443,0.37348047412985674,0.07389401783777676,0.4194103214627229,0.21156671236559726,0.19905885327809086,0.04628323369102885,0.9600274802901915,0.013369560240264637,0.2681937746368436,0.3501979390514,0.030202004856240184,0.9683758875183508,0.21311715834912687,1.2018603284064295,0.6993812642702623,0.01728745667552951,0.1338626064599158,0.3347098380419956,0.28048045261182275,0.23642285089210358,0.11576408881332145,0.18928136037410379,2.4889629641672477,0.328434251633442,0.095838610331547,0.029513502156783222,0.10699364789640729,0.703365954005821,0.49494978304956716,1.153774910573696,0.004451393383626709,0.004790691499387592,0.012098404250494296,0.0054025394926360635,0.0029822723010331396,2.2964811971098995,0.7237866737891969,0.029805959682512234,0.20495559280236292,1.0386726571248763,0.3631432907809534,0.0054025394926360635,0.0060175187981179835,0.3484734718763127,0.004777338763761803,1.410437124133206,1.30558914094858,0.059720296423786845,0.006123642244714289,0.007288699724133202,0.004882482796541399,0.0899188585521321,0.03817897605216031,0.0010438597207585555,0.015505371804757017
